{"cameraMode":{"drawMode":0,"name":"Shaded","section":"Shading Mode"},"sceneLighting":true,"audioPlay":false,"sceneViewState":{"showFog":true,"showMaterialUpdate":true,"showSkybox":true,"showFlares":true,"showImageEffects":true,"showParticleSystems":true},"in2DMode":false,"pivot":{"x":1.530759572982788,"y":2.3311452865600588,"z":-3.5311379432678224},"rotation":{"x":-0.017183324322104455,"y":0.9752252697944641,"z":-0.20480689406394959,"w":-0.0818207859992981},"size":4.337574481964111,"orthographic":false}