{"cameraMode":{"drawMode":0,"name":"Shaded","section":"Shading Mode"},"sceneLighting":false,"audioPlay":false,"sceneViewState":{"showFog":true,"showMaterialUpdate":false,"showSkybox":true,"showFlares":true,"showImageEffects":true,"showParticleSystems":true},"in2DMode":false,"pivot":{"x":1.570000171661377,"y":3.1500000953674318,"z":11.869999885559082},"rotation":{"x":0.13303880393505097,"y":-0.031215254217386247,"z":0.004192008636891842,"w":0.9906103014945984},"size":4.041658401489258,"orthographic":false}